{
   "0": "date monday weather_attribute clear_skies high 100f location durham low 80f",
   "1": "date tuesday weather_attribute windy high 80f location durham low 60f",
   "2": "date wednesday weather_attribute hot high 90f location durham low 70f",
   "3": "date thursday weather_attribute overcast high 100f location durham low 90f",
   "4": "date friday weather_attribute foggy high 80f location durham low 70f",
   "5": "date saturday weather_attribute rain high 90f location durham low 80f",
   "6": "date sunday weather_attribute snow high 40f location durham low 30f",
   "7": "date monday weather_attribute foggy high 100f location exeter low 90f",
   "8": "date tuesday weather_attribute overcast high 100f location exeter low 90f",
   "9": "date wednesday weather_attribute windy high 90f location exeter low 80f",
   "10": "date thursday weather_attribute raining high 100f location exeter low 90f",
   "11": "date friday weather_attribute clear_skies high 60f location exeter low 40f",
   "12": "date saturday weather_attribute warm high 100f location exeter low 90f",
   "13": "date sunday weather_attribute hot high 70f location exeter low 60f",
   "14": "date monday weather_attribute cloudy high 90f location downtown_chicago low 70f",
   "15": "date tuesday weather_attribute foggy high 60f location downtown_chicago low 40f",
   "16": "date wednesday weather_attribute warm high 60f location downtown_chicago low 40f",
   "17": "date thursday weather_attribute snow high 60f location downtown_chicago low 40f",
   "18": "date friday weather_attribute snow high 60f location downtown_chicago low 40f",
   "19": "date saturday weather_attribute warm high 80f location downtown_chicago low 60f",
   "20": "date sunday weather_attribute foggy high 70f location downtown_chicago low 60f",
   "21": "date monday weather_attribute foggy high 60f location mountain_view low 40f",
   "22": "date tuesday weather_attribute warm high 80f location mountain_view low 70f",
   "23": "date wednesday weather_attribute foggy high 90f location mountain_view low 80f",
   "24": "date thursday weather_attribute raining high 100f location mountain_view low 90f",
   "25": "date friday weather_attribute clear_skies high 100f location mountain_view low 80f",
   "26": "date saturday weather_attribute clear_skies high 100f location mountain_view low 80f",
   "27": "date sunday weather_attribute overcast high 40f location mountain_view low 30f",
   "28": "date monday weather_attribute foggy high 100f location grand_rapids low 90f",
   "29": "date tuesday weather_attribute raining high 60f location grand_rapids low 40f",
   "30": "date wednesday weather_attribute raining high 40f location grand_rapids low 30f",
   "31": "date thursday weather_attribute foggy high 90f location grand_rapids low 80f",
   "32": "date friday weather_attribute warm high 70f location grand_rapids low 60f",
   "33": "date saturday weather_attribute windy high 80f location grand_rapids low 60f",
   "34": "date sunday weather_attribute raining high 60f location grand_rapids low 40f",
   "35": "date monday weather_attribute clear_skies high 60f location fresno low 40f",
   "36": "date tuesday weather_attribute hot high 40f location fresno low 30f",
   "37": "date wednesday weather_attribute warm high 60f location fresno low 40f",
   "38": "date thursday weather_attribute foggy high 80f location fresno low 60f",
   "39": "date friday weather_attribute clear_skies high 100f location fresno low 80f",
   "40": "date saturday weather_attribute raining high 60f location fresno low 40f",
   "41": "date sunday weather_attribute warm high 70f location fresno low 60f",
   "42": "date monday weather_attribute overcast high 100f location oakland low 90f",
   "43": "date tuesday weather_attribute hot high 60f location oakland low 40f",
   "44": "date wednesday weather_attribute hot high 40f location oakland low 30f",
   "45": "date thursday weather_attribute clear_skies high 80f location oakland low 60f",
   "46": "date friday weather_attribute snow high 80f location oakland low 60f",
   "47": "date saturday weather_attribute overcast high 40f location oakland low 30f",
   "48": "date sunday weather_attribute foggy high 100f location oakland low 90f"
}