{
   "0": "name yu_garden address 529_newmarket_road_fen_ditton area east food chinese phone 01223248882 postcode cb58pa pricerange expensive type restaurant",
   "1": "name tang_chinese address napier_street_city_centre area centre food chinese phone 01223357187 postcode cb11hr pricerange expensive type restaurant",
   "2": "name the_good_luck_chinese_food_takeaway address 82_cherry_hinton_road_cherry_hinton area south food chinese phone 01223244149 postcode cb17ag pricerange expensive type restaurant",
   "3": "name peking_restaurant address 10_homerton_street_city_centre area south food chinese phone 01223354755 postcode cb28nx pricerange expensive type restaurant",
   "4": "name hakka address milton_road_chesterton area north food chinese phone 01223568988 postcode cb41jy pricerange expensive type restaurant",
   "5": "name ugly_duckling address 12_st_._johns_street_city_centre area centre food chinese postcode cb21tw pricerange expensive type restaurant",
   "6": "name the_hotpot address 66_chesterton_road_chesterton area north food chinese phone 01223366552 postcode cb41ep pricerange expensive type restaurant"
}