{
   "0": "date monday weather_attribute foggy high 60f location atherton low 50f",
   "1": "date tuesday weather_attribute cloudy high 50f location atherton low 30f",
   "2": "date wednesday weather_attribute drizzle high 60f location atherton low 50f",
   "3": "date thursday weather_attribute foggy high 70f location atherton low 60f",
   "4": "date friday weather_attribute misty high 100f location atherton low 90f",
   "5": "date saturday weather_attribute clear_skies high 80f location atherton low 70f",
   "6": "date sunday weather_attribute snow high 80f location atherton low 60f",
   "7": "date monday weather_attribute dew high 60f location compton low 50f",
   "8": "date tuesday weather_attribute misty high 40f location compton low 30f",
   "9": "date wednesday weather_attribute dry high 30f location compton low 20f",
   "10": "date thursday weather_attribute dry high 90f location compton low 80f",
   "11": "date friday weather_attribute dew high 100f location compton low 80f",
   "12": "date saturday weather_attribute overcast high 90f location compton low 80f",
   "13": "date sunday weather_attribute drizzle high 60f location compton low 40f",
   "14": "date monday weather_attribute hot high 100f location fresno low 80f",
   "15": "date tuesday weather_attribute foggy high 30f location fresno low 20f",
   "16": "date wednesday weather_attribute foggy high 100f location fresno low 90f",
   "17": "date thursday weather_attribute overcast high 90f location fresno low 80f",
   "18": "date friday weather_attribute overcast high 60f location fresno low 50f",
   "19": "date saturday weather_attribute hail high 40f location fresno low 30f",
   "20": "date sunday weather_attribute raining high 60f location fresno low 50f",
   "21": "date monday weather_attribute stormy high 40f location carson low 30f",
   "22": "date tuesday weather_attribute rain high 100f location carson low 90f",
   "23": "date wednesday weather_attribute foggy high 90f location carson low 70f",
   "24": "date thursday weather_attribute windy high 100f location carson low 90f",
   "25": "date friday weather_attribute clear_skies high 60f location carson low 40f",
   "26": "date saturday weather_attribute clear_skies high 70f location carson low 50f",
   "27": "date sunday weather_attribute stormy high 100f location carson low 90f",
   "28": "date monday weather_attribute windy high 90f location san_francisco low 70f",
   "29": "date tuesday weather_attribute dew high 100f location san_francisco low 80f",
   "30": "date wednesday weather_attribute misty high 100f location san_francisco low 80f",
   "31": "date thursday weather_attribute windy high 90f location san_francisco low 70f",
   "32": "date friday weather_attribute windy high 100f location san_francisco low 80f",
   "33": "date saturday weather_attribute dew high 50f location san_francisco low 30f",
   "34": "date sunday weather_attribute overcast high 100f location san_francisco low 80f",
   "35": "date monday weather_attribute snow high 100f location camarillo low 80f",
   "36": "date tuesday weather_attribute warm high 90f location camarillo low 80f",
   "37": "date wednesday weather_attribute misty high 70f location camarillo low 60f",
   "38": "date thursday weather_attribute cloudy high 90f location camarillo low 70f",
   "39": "date friday weather_attribute windy high 60f location camarillo low 40f",
   "40": "date saturday weather_attribute clear_skies high 30f location camarillo low 20f",
   "41": "date sunday weather_attribute humid high 100f location camarillo low 90f",
   "42": "date monday weather_attribute drizzle high 100f location cleveland low 90f",
   "43": "date tuesday weather_attribute foggy high 100f location cleveland low 80f",
   "44": "date wednesday weather_attribute clear_skies high 60f location cleveland low 40f",
   "45": "date thursday weather_attribute overcast high 100f location cleveland low 80f",
   "46": "date friday weather_attribute drizzle high 50f location cleveland low 30f",
   "47": "date saturday weather_attribute foggy high 90f location cleveland low 70f",
   "48": "date sunday weather_attribute clear_skies high 80f location cleveland low 60f"
}