{
   "0": "date monday weather_attribute raining high 100f location downtown_chicago low 90f",
   "1": "date tuesday weather_attribute clear_skies high 40f location downtown_chicago low 30f",
   "2": "date wednesday weather_attribute raining high 50f location downtown_chicago low 30f",
   "3": "date thursday weather_attribute snow high 80f location downtown_chicago low 60f",
   "4": "date friday weather_attribute overcast high 30f location downtown_chicago low 20f",
   "5": "date saturday weather_attribute hot high 100f location downtown_chicago low 80f",
   "6": "date sunday weather_attribute snow high 90f location downtown_chicago low 80f",
   "7": "date monday weather_attribute humid high 100f location los_angeles low 90f",
   "8": "date tuesday weather_attribute drizzle high 100f location los_angeles low 80f",
   "9": "date wednesday weather_attribute frost high 40f location los_angeles low 20f",
   "10": "date thursday weather_attribute overcast high 100f location los_angeles low 80f",
   "11": "date friday weather_attribute raining high 70f location los_angeles low 60f",
   "12": "date saturday weather_attribute cloudy high 90f location los_angeles low 80f",
   "13": "date sunday weather_attribute raining high 100f location los_angeles low 80f",
   "14": "date monday weather_attribute clear_skies high 80f location alhambra low 70f",
   "15": "date tuesday weather_attribute snow high 30f location alhambra low 20f",
   "16": "date wednesday weather_attribute clear_skies high 50f location alhambra low 40f",
   "17": "date thursday weather_attribute clear_skies high 60f location alhambra low 50f",
   "18": "date friday weather_attribute cloudy high 90f location alhambra low 80f",
   "19": "date saturday weather_attribute snow high 70f location alhambra low 60f",
   "20": "date sunday weather_attribute dry high 100f location alhambra low 80f",
   "21": "date monday weather_attribute cloudy high 80f location manhattan low 70f",
   "22": "date tuesday weather_attribute drizzle high 50f location manhattan low 40f",
   "23": "date wednesday weather_attribute overcast high 100f location manhattan low 80f",
   "24": "date thursday weather_attribute cloudy high 70f location manhattan low 60f",
   "25": "date friday weather_attribute stormy high 100f location manhattan low 90f",
   "26": "date saturday weather_attribute snow high 80f location manhattan low 70f",
   "27": "date sunday weather_attribute overcast high 90f location manhattan low 80f",
   "28": "date monday weather_attribute clear_skies high 50f location cleveland low 30f",
   "29": "date tuesday weather_attribute windy high 60f location cleveland low 50f",
   "30": "date wednesday weather_attribute overcast high 100f location cleveland low 80f",
   "31": "date thursday weather_attribute snow high 100f location cleveland low 90f",
   "32": "date friday weather_attribute cloudy high 100f location cleveland low 90f",
   "33": "date saturday weather_attribute clear_skies high 40f location cleveland low 20f",
   "34": "date sunday weather_attribute overcast high 40f location cleveland low 30f",
   "35": "date monday weather_attribute overcast high 50f location compton low 40f",
   "36": "date tuesday weather_attribute foggy high 30f location compton low 20f",
   "37": "date wednesday weather_attribute raining high 90f location compton low 70f",
   "38": "date thursday weather_attribute frost high 50f location compton low 40f",
   "39": "date friday weather_attribute raining high 70f location compton low 50f",
   "40": "date saturday weather_attribute clear_skies high 90f location compton low 80f",
   "41": "date sunday weather_attribute windy high 60f location compton low 40f",
   "42": "date monday weather_attribute dry high 80f location boston low 60f",
   "43": "date tuesday weather_attribute hail high 80f location boston low 70f",
   "44": "date wednesday weather_attribute rain high 60f location boston low 40f",
   "45": "date thursday weather_attribute raining high 40f location boston low 20f",
   "46": "date friday weather_attribute humid high 80f location boston low 70f",
   "47": "date saturday weather_attribute humid high 70f location boston low 50f",
   "48": "date sunday weather_attribute snow high 100f location boston low 80f"
}