{
   "0": "date monday weather_attribute clear_skies high 40f location atherton low 20f",
   "1": "date tuesday weather_attribute cloudy high 90f location atherton low 80f",
   "2": "date wednesday weather_attribute hail high 90f location atherton low 80f",
   "3": "date thursday weather_attribute rain high 100f location atherton low 80f",
   "4": "date friday weather_attribute hot high 80f location atherton low 60f",
   "5": "date saturday weather_attribute windy high 70f location atherton low 60f",
   "6": "date sunday weather_attribute windy high 50f location atherton low 40f",
   "7": "date monday weather_attribute drizzle high 100f location oakland low 90f",
   "8": "date tuesday weather_attribute rain high 80f location oakland low 60f",
   "9": "date wednesday weather_attribute hail high 70f location oakland low 60f",
   "10": "date thursday weather_attribute hail high 50f location oakland low 30f",
   "11": "date friday weather_attribute overcast high 40f location oakland low 30f",
   "12": "date saturday weather_attribute humid high 70f location oakland low 60f",
   "13": "date sunday weather_attribute windy high 70f location oakland low 50f",
   "14": "date monday weather_attribute warm high 100f location seattle low 90f",
   "15": "date tuesday weather_attribute raining high 100f location seattle low 90f",
   "16": "date wednesday weather_attribute rain high 100f location seattle low 90f",
   "17": "date thursday weather_attribute raining high 50f location seattle low 40f",
   "18": "date friday weather_attribute clear_skies high 60f location seattle low 50f",
   "19": "date saturday weather_attribute snow high 60f location seattle low 50f",
   "20": "date sunday weather_attribute foggy high 40f location seattle low 30f",
   "21": "date monday weather_attribute blizzard high 60f location alameda low 40f",
   "22": "date tuesday weather_attribute foggy high 60f location alameda low 50f",
   "23": "date wednesday weather_attribute stormy high 80f location alameda low 60f",
   "24": "date thursday weather_attribute snow high 70f location alameda low 50f",
   "25": "date friday weather_attribute cloudy high 70f location alameda low 60f",
   "26": "date saturday weather_attribute clear_skies high 70f location alameda low 50f",
   "27": "date sunday weather_attribute clear_skies high 100f location alameda low 80f",
   "28": "date monday weather_attribute foggy high 100f location downtown_chicago low 80f",
   "29": "date tuesday weather_attribute overcast high 30f location downtown_chicago low 20f",
   "30": "date wednesday weather_attribute hail high 80f location downtown_chicago low 60f",
   "31": "date thursday weather_attribute foggy high 80f location downtown_chicago low 70f",
   "32": "date friday weather_attribute dry high 70f location downtown_chicago low 50f",
   "33": "date saturday weather_attribute stormy high 50f location downtown_chicago low 40f",
   "34": "date sunday weather_attribute foggy high 60f location downtown_chicago low 40f",
   "35": "date monday weather_attribute stormy high 80f location san_mateo low 70f",
   "36": "date tuesday weather_attribute clear_skies high 100f location san_mateo low 90f",
   "37": "date wednesday weather_attribute drizzle high 100f location san_mateo low 80f",
   "38": "date thursday weather_attribute overcast high 90f location san_mateo low 70f",
   "39": "date friday weather_attribute dry high 80f location san_mateo low 60f",
   "40": "date saturday weather_attribute foggy high 40f location san_mateo low 30f",
   "41": "date sunday weather_attribute dry high 60f location san_mateo low 50f",
   "42": "date monday weather_attribute hail high 70f location mountain_view low 50f",
   "43": "date tuesday weather_attribute foggy high 100f location mountain_view low 90f",
   "44": "date wednesday weather_attribute rain high 40f location mountain_view low 20f",
   "45": "date thursday weather_attribute overcast high 30f location mountain_view low 20f",
   "46": "date friday weather_attribute hot high 100f location mountain_view low 90f",
   "47": "date saturday weather_attribute stormy high 90f location mountain_view low 80f",
   "48": "date sunday weather_attribute cloudy high 100f location mountain_view low 90f"
}