{
   "0": "date monday weather_attribute dry high 50f location cleveland low 40f",
   "1": "date tuesday weather_attribute dry high 70f location cleveland low 60f",
   "2": "date wednesday weather_attribute snow high 80f location cleveland low 70f",
   "3": "date thursday weather_attribute snow high 100f location cleveland low 80f",
   "4": "date friday weather_attribute rain high 70f location cleveland low 60f",
   "5": "date saturday weather_attribute frost high 60f location cleveland low 50f",
   "6": "date sunday weather_attribute raining high 50f location cleveland low 40f",
   "7": "date monday weather_attribute rain high 100f location san_francisco low 90f",
   "8": "date tuesday weather_attribute cloudy high 30f location san_francisco low 20f",
   "9": "date wednesday weather_attribute foggy high 80f location san_francisco low 60f",
   "10": "date thursday weather_attribute dry high 40f location san_francisco low 20f",
   "11": "date friday weather_attribute cloudy high 40f location san_francisco low 20f",
   "12": "date saturday weather_attribute dew high 40f location san_francisco low 30f",
   "13": "date sunday weather_attribute foggy high 100f location san_francisco low 90f",
   "14": "date monday weather_attribute clear_skies high 40f location alameda low 30f",
   "15": "date tuesday weather_attribute foggy high 80f location alameda low 70f",
   "16": "date wednesday weather_attribute rain high 70f location alameda low 50f",
   "17": "date thursday weather_attribute hail high 100f location alameda low 90f",
   "18": "date friday weather_attribute rain high 60f location alameda low 40f",
   "19": "date saturday weather_attribute hot high 90f location alameda low 80f",
   "20": "date sunday weather_attribute overcast high 30f location alameda low 20f",
   "21": "date monday weather_attribute windy high 90f location menlo_park low 70f",
   "22": "date tuesday weather_attribute stormy high 40f location menlo_park low 20f",
   "23": "date wednesday weather_attribute hail high 100f location menlo_park low 90f",
   "24": "date thursday weather_attribute drizzle high 40f location menlo_park low 30f",
   "25": "date friday weather_attribute warm high 100f location menlo_park low 90f",
   "26": "date saturday weather_attribute snow high 100f location menlo_park low 90f",
   "27": "date sunday weather_attribute clear_skies high 100f location menlo_park low 90f",
   "28": "date monday weather_attribute dew high 30f location redwood_city low 20f",
   "29": "date tuesday weather_attribute raining high 70f location redwood_city low 50f",
   "30": "date wednesday weather_attribute snow high 100f location redwood_city low 90f",
   "31": "date thursday weather_attribute dew high 30f location redwood_city low 20f",
   "32": "date friday weather_attribute raining high 60f location redwood_city low 50f",
   "33": "date saturday weather_attribute overcast high 100f location redwood_city low 80f",
   "34": "date sunday weather_attribute overcast high 70f location redwood_city low 60f",
   "35": "date monday weather_attribute drizzle high 100f location mountain_view low 80f",
   "36": "date tuesday weather_attribute cloudy high 100f location mountain_view low 90f",
   "37": "date wednesday weather_attribute windy high 50f location mountain_view low 30f",
   "38": "date thursday weather_attribute misty high 100f location mountain_view low 90f",
   "39": "date friday weather_attribute hail high 100f location mountain_view low 80f",
   "40": "date saturday weather_attribute overcast high 40f location mountain_view low 20f",
   "41": "date sunday weather_attribute misty high 90f location mountain_view low 80f",
   "42": "date monday weather_attribute dry high 50f location danville low 30f",
   "43": "date tuesday weather_attribute overcast high 80f location danville low 70f",
   "44": "date wednesday weather_attribute clear_skies high 50f location danville low 40f",
   "45": "date thursday weather_attribute windy high 90f location danville low 70f",
   "46": "date friday weather_attribute snow high 40f location danville low 30f",
   "47": "date saturday weather_attribute cloudy high 80f location danville low 60f",
   "48": "date sunday weather_attribute drizzle high 30f location danville low 20f"
}