{
   "0": "name lan_hong_house address 12_norfolk_street_city_centre area centre food chinese phone 01223350420 postcode cb12lf pricerange moderate type restaurant",
   "1": "name golden_wok address 191_histon_road_chesterton area north food chinese phone 01223350688 postcode cb43hl pricerange moderate type restaurant",
   "2": "name shanghai_family_restaurant address 39_burleigh_street_city_centre area centre food chinese phone 01223301761 postcode cb11dg pricerange moderate type restaurant",
   "3": "name jinling_noodle_bar address 11_peas_hill_city_centre area centre food chinese phone 01223566188 postcode cb23pp pricerange moderate type restaurant",
   "4": "name yu_garden address 529_newmarket_road_fen_ditton area east food chinese phone 01223248882 postcode cb58pa pricerange expensive type restaurant",
   "5": "name charlie_chan address regent_street_city_centre area centre food chinese phone 01223361763 postcode cb21db pricerange cheap type restaurant",
   "6": "name the_good_luck_chinese_food_takeaway address 82_cherry_hinton_road_cherry_hinton area south food chinese phone 01223244149 postcode cb17ag pricerange expensive type restaurant"
}