{
   "0": "date monday weather_attribute drizzle high 80f location seattle low 70f",
   "1": "date tuesday weather_attribute humid high 100f location seattle low 90f",
   "2": "date wednesday weather_attribute raining high 80f location seattle low 70f",
   "3": "date thursday weather_attribute clear_skies high 40f location seattle low 20f",
   "4": "date friday weather_attribute raining high 40f location seattle low 30f",
   "5": "date saturday weather_attribute dry high 60f location seattle low 40f",
   "6": "date sunday weather_attribute dry high 30f location seattle low 20f",
   "7": "date monday weather_attribute snow high 80f location san_mateo low 60f",
   "8": "date tuesday weather_attribute dry high 70f location san_mateo low 50f",
   "9": "date wednesday weather_attribute raining high 50f location san_mateo low 40f",
   "10": "date thursday weather_attribute foggy high 100f location san_mateo low 80f",
   "11": "date friday weather_attribute rain high 80f location san_mateo low 60f",
   "12": "date saturday weather_attribute cloudy high 60f location san_mateo low 50f",
   "13": "date sunday weather_attribute warm high 100f location san_mateo low 80f",
   "14": "date monday weather_attribute drizzle high 100f location cleveland low 90f",
   "15": "date tuesday weather_attribute raining high 90f location cleveland low 80f",
   "16": "date wednesday weather_attribute rain high 90f location cleveland low 80f",
   "17": "date thursday weather_attribute drizzle high 70f location cleveland low 60f",
   "18": "date friday weather_attribute raining high 70f location cleveland low 50f",
   "19": "date saturday weather_attribute warm high 100f location cleveland low 90f",
   "20": "date sunday weather_attribute raining high 100f location cleveland low 90f",
   "21": "date monday weather_attribute snow high 60f location exeter low 50f",
   "22": "date tuesday weather_attribute clear_skies high 40f location exeter low 20f",
   "23": "date wednesday weather_attribute overcast high 80f location exeter low 60f",
   "24": "date thursday weather_attribute clear_skies high 100f location exeter low 90f",
   "25": "date friday weather_attribute frost high 50f location exeter low 30f",
   "26": "date saturday weather_attribute windy high 50f location exeter low 30f",
   "27": "date sunday weather_attribute humid high 80f location exeter low 60f",
   "28": "date monday weather_attribute windy high 60f location mountain_view low 50f",
   "29": "date tuesday weather_attribute hot high 90f location mountain_view low 70f",
   "30": "date wednesday weather_attribute drizzle high 70f location mountain_view low 60f",
   "31": "date thursday weather_attribute clear_skies high 40f location mountain_view low 20f",
   "32": "date friday weather_attribute cloudy high 90f location mountain_view low 80f",
   "33": "date saturday weather_attribute clear_skies high 70f location mountain_view low 50f",
   "34": "date sunday weather_attribute rain high 60f location mountain_view low 50f",
   "35": "date monday weather_attribute overcast high 80f location new_york low 60f",
   "36": "date tuesday weather_attribute cloudy high 70f location new_york low 60f",
   "37": "date wednesday weather_attribute raining high 60f location new_york low 40f",
   "38": "date thursday weather_attribute humid high 100f location new_york low 90f",
   "39": "date friday weather_attribute blizzard high 40f location new_york low 30f",
   "40": "date saturday weather_attribute snow high 40f location new_york low 30f",
   "41": "date sunday weather_attribute rain high 90f location new_york low 80f",
   "42": "date monday weather_attribute raining high 30f location los_angeles low 20f",
   "43": "date tuesday weather_attribute overcast high 90f location los_angeles low 80f",
   "44": "date wednesday weather_attribute raining high 40f location los_angeles low 20f",
   "45": "date thursday weather_attribute overcast high 70f location los_angeles low 50f",
   "46": "date friday weather_attribute humid high 80f location los_angeles low 70f",
   "47": "date saturday weather_attribute warm high 80f location los_angeles low 60f",
   "48": "date sunday weather_attribute cloudy high 30f location los_angeles low 20f"
}