{
   "0": "date monday weather_attribute cloudy high 30f location menlo_park low 20f",
   "1": "date tuesday weather_attribute windy high 90f location menlo_park low 80f",
   "2": "date wednesday weather_attribute blizzard high 50f location menlo_park low 30f",
   "3": "date thursday weather_attribute drizzle high 30f location menlo_park low 20f",
   "4": "date friday weather_attribute rain high 100f location menlo_park low 90f",
   "5": "date saturday weather_attribute dry high 80f location menlo_park low 60f",
   "6": "date sunday weather_attribute cloudy high 50f location menlo_park low 40f",
   "7": "date monday weather_attribute overcast high 100f location exeter low 90f",
   "8": "date tuesday weather_attribute dry high 50f location exeter low 30f",
   "9": "date wednesday weather_attribute hail high 80f location exeter low 60f",
   "10": "date thursday weather_attribute dry high 70f location exeter low 50f",
   "11": "date friday weather_attribute snow high 90f location exeter low 80f",
   "12": "date saturday weather_attribute dew high 80f location exeter low 70f",
   "13": "date sunday weather_attribute raining high 40f location exeter low 20f",
   "14": "date monday weather_attribute raining high 40f location atherton low 30f",
   "15": "date tuesday weather_attribute drizzle high 60f location atherton low 50f",
   "16": "date wednesday weather_attribute foggy high 70f location atherton low 50f",
   "17": "date thursday weather_attribute windy high 100f location atherton low 90f",
   "18": "date friday weather_attribute dew high 70f location atherton low 60f",
   "19": "date saturday weather_attribute clear_skies high 70f location atherton low 50f",
   "20": "date sunday weather_attribute hail high 90f location atherton low 80f",
   "21": "date monday weather_attribute overcast high 50f location redwood_city low 30f",
   "22": "date tuesday weather_attribute raining high 50f location redwood_city low 30f",
   "23": "date wednesday weather_attribute dew high 40f location redwood_city low 30f",
   "24": "date thursday weather_attribute misty high 80f location redwood_city low 60f",
   "25": "date friday weather_attribute snow high 60f location redwood_city low 50f",
   "26": "date saturday weather_attribute hail high 100f location redwood_city low 80f",
   "27": "date sunday weather_attribute rain high 60f location redwood_city low 50f",
   "28": "date monday weather_attribute drizzle high 100f location downtown_chicago low 90f",
   "29": "date tuesday weather_attribute frost high 50f location downtown_chicago low 30f",
   "30": "date wednesday weather_attribute hail high 70f location downtown_chicago low 50f",
   "31": "date thursday weather_attribute foggy high 50f location downtown_chicago low 30f",
   "32": "date friday weather_attribute clear_skies high 50f location downtown_chicago low 30f",
   "33": "date saturday weather_attribute rain high 90f location downtown_chicago low 70f",
   "34": "date sunday weather_attribute dry high 50f location downtown_chicago low 40f",
   "35": "date monday weather_attribute rain high 90f location inglewood low 70f",
   "36": "date tuesday weather_attribute windy high 80f location inglewood low 60f",
   "37": "date wednesday weather_attribute windy high 60f location inglewood low 50f",
   "38": "date thursday weather_attribute overcast high 70f location inglewood low 60f",
   "39": "date friday weather_attribute drizzle high 60f location inglewood low 50f",
   "40": "date saturday weather_attribute dew high 100f location inglewood low 90f",
   "41": "date sunday weather_attribute hail high 70f location inglewood low 50f",
   "42": "date monday weather_attribute misty high 90f location new_york low 70f",
   "43": "date tuesday weather_attribute dew high 100f location new_york low 90f",
   "44": "date wednesday weather_attribute rain high 70f location new_york low 50f",
   "45": "date thursday weather_attribute frost high 40f location new_york low 30f",
   "46": "date friday weather_attribute dry high 100f location new_york low 90f",
   "47": "date saturday weather_attribute foggy high 70f location new_york low 60f",
   "48": "date sunday weather_attribute humid high 90f location new_york low 70f"
}