{
   "0": "date monday weather_attribute rain high 80f location san_mateo low 60f",
   "1": "date tuesday weather_attribute rain high 100f location san_mateo low 80f",
   "2": "date wednesday weather_attribute foggy high 100f location san_mateo low 90f",
   "3": "date thursday weather_attribute windy high 100f location san_mateo low 90f",
   "4": "date friday weather_attribute windy high 60f location san_mateo low 50f",
   "5": "date saturday weather_attribute warm high 90f location san_mateo low 70f",
   "6": "date sunday weather_attribute hot high 90f location san_mateo low 70f",
   "7": "date monday weather_attribute foggy high 40f location redwood_city low 30f",
   "8": "date tuesday weather_attribute frost high 60f location redwood_city low 40f",
   "9": "date wednesday weather_attribute drizzle high 100f location redwood_city low 90f",
   "10": "date thursday weather_attribute overcast high 60f location redwood_city low 40f",
   "11": "date friday weather_attribute dry high 90f location redwood_city low 80f",
   "12": "date saturday weather_attribute cloudy high 50f location redwood_city low 30f",
   "13": "date sunday weather_attribute windy high 80f location redwood_city low 60f",
   "14": "date monday weather_attribute snow high 100f location menlo_park low 90f",
   "15": "date tuesday weather_attribute clear_skies high 50f location menlo_park low 40f",
   "16": "date wednesday weather_attribute rain high 70f location menlo_park low 50f",
   "17": "date thursday weather_attribute humid high 100f location menlo_park low 80f",
   "18": "date friday weather_attribute raining high 50f location menlo_park low 40f",
   "19": "date saturday weather_attribute drizzle high 40f location menlo_park low 30f",
   "20": "date sunday weather_attribute clear_skies high 100f location menlo_park low 90f",
   "21": "date monday weather_attribute clear_skies high 90f location durham low 70f",
   "22": "date tuesday weather_attribute overcast high 90f location durham low 70f",
   "23": "date wednesday weather_attribute frost high 40f location durham low 30f",
   "24": "date thursday weather_attribute overcast high 40f location durham low 30f",
   "25": "date friday weather_attribute blizzard high 60f location durham low 40f",
   "26": "date saturday weather_attribute overcast high 90f location durham low 70f",
   "27": "date sunday weather_attribute clear_skies high 80f location durham low 70f",
   "28": "date monday weather_attribute cloudy high 50f location san_francisco low 40f",
   "29": "date tuesday weather_attribute clear_skies high 40f location san_francisco low 30f",
   "30": "date wednesday weather_attribute cloudy high 80f location san_francisco low 70f",
   "31": "date thursday weather_attribute blizzard high 60f location san_francisco low 40f",
   "32": "date friday weather_attribute dry high 60f location san_francisco low 50f",
   "33": "date saturday weather_attribute blizzard high 60f location san_francisco low 40f",
   "34": "date sunday weather_attribute snow high 30f location san_francisco low 20f",
   "35": "date monday weather_attribute raining high 70f location downtown_chicago low 60f",
   "36": "date tuesday weather_attribute raining high 100f location downtown_chicago low 80f",
   "37": "date wednesday weather_attribute windy high 90f location downtown_chicago low 70f",
   "38": "date thursday weather_attribute overcast high 30f location downtown_chicago low 20f",
   "39": "date friday weather_attribute warm high 90f location downtown_chicago low 80f",
   "40": "date saturday weather_attribute dry high 40f location downtown_chicago low 20f",
   "41": "date sunday weather_attribute raining high 70f location downtown_chicago low 50f",
   "42": "date monday weather_attribute cloudy high 90f location mountain_view low 70f",
   "43": "date tuesday weather_attribute overcast high 50f location mountain_view low 30f",
   "44": "date wednesday weather_attribute warm high 70f location mountain_view low 60f",
   "45": "date thursday weather_attribute raining high 90f location mountain_view low 70f",
   "46": "date friday weather_attribute clear_skies high 60f location mountain_view low 40f",
   "47": "date saturday weather_attribute dry high 50f location mountain_view low 30f",
   "48": "date sunday weather_attribute snow high 70f location mountain_view low 50f"
}