{
   "0": "name clowns_cafe address 54_king_street_city_centre area centre food italian phone 01223355711 postcode cb11ln pricerange expensive type restaurant",
   "1": "name stazione_restaurant_and_coffee_bar address market_hill_city_centre area centre food italian phone 01223352607 postcode cb23nj pricerange expensive type restaurant",
   "2": "name frankie_and_bennys address cambridge_leisure_park_clifton_way_cherry_hinton area south food italian phone 01223412430 postcode cb17dy pricerange expensive type restaurant",
   "3": "name pizza_hut_city_centre address regent_street_city_centre area centre food italian phone 01223323737 postcode cb21ab pricerange cheap type restaurant",
   "4": "name caffe_uno address 32_bridge_street_city_centre area centre food italian phone 01223448620 postcode cb21uj pricerange expensive type restaurant",
   "5": "name pizza_hut_cherry_hinton address g4_cambridge_leisure_park_clifton_way_cherry_hinton area south food italian phone 01223323737 postcode cb17dy pricerange moderate type restaurant",
   "6": "name don_pasquale_pizzeria address 12_market_hill_city_centre area centre food italian phone 01223350106 postcode cb23nj pricerange expensive type restaurant"
}