{
   "0": "date monday weather_attribute drizzle high 40f location boston low 20f",
   "1": "date tuesday weather_attribute hot high 100f location boston low 80f",
   "2": "date wednesday weather_attribute dry high 30f location boston low 20f",
   "3": "date thursday weather_attribute overcast high 60f location boston low 40f",
   "4": "date friday weather_attribute raining high 80f location boston low 70f",
   "5": "date saturday weather_attribute overcast high 40f location boston low 30f",
   "6": "date sunday weather_attribute snow high 90f location boston low 70f",
   "7": "date monday weather_attribute overcast high 50f location san_francisco low 40f",
   "8": "date tuesday weather_attribute raining high 70f location san_francisco low 60f",
   "9": "date wednesday weather_attribute windy high 60f location san_francisco low 50f",
   "10": "date thursday weather_attribute clear_skies high 80f location san_francisco low 60f",
   "11": "date friday weather_attribute clear_skies high 100f location san_francisco low 80f",
   "12": "date saturday weather_attribute overcast high 100f location san_francisco low 80f",
   "13": "date sunday weather_attribute clear_skies high 100f location san_francisco low 90f",
   "14": "date monday weather_attribute raining high 60f location redwood_city low 50f",
   "15": "date tuesday weather_attribute cloudy high 60f location redwood_city low 40f",
   "16": "date wednesday weather_attribute windy high 100f location redwood_city low 80f",
   "17": "date thursday weather_attribute clear_skies high 60f location redwood_city low 40f",
   "18": "date friday weather_attribute warm high 70f location redwood_city low 60f",
   "19": "date saturday weather_attribute raining high 80f location redwood_city low 60f",
   "20": "date sunday weather_attribute overcast high 40f location redwood_city low 20f",
   "21": "date monday weather_attribute raining high 90f location compton low 70f",
   "22": "date tuesday weather_attribute windy high 50f location compton low 30f",
   "23": "date wednesday weather_attribute blizzard high 60f location compton low 50f",
   "24": "date thursday weather_attribute clear_skies high 100f location compton low 90f",
   "25": "date friday weather_attribute frost high 40f location compton low 30f",
   "26": "date saturday weather_attribute hot high 80f location compton low 70f",
   "27": "date sunday weather_attribute foggy high 40f location compton low 30f",
   "28": "date monday weather_attribute raining high 40f location inglewood low 20f",
   "29": "date tuesday weather_attribute clear_skies high 50f location inglewood low 40f",
   "30": "date wednesday weather_attribute humid high 90f location inglewood low 80f",
   "31": "date thursday weather_attribute dry high 100f location inglewood low 80f",
   "32": "date friday weather_attribute windy high 100f location inglewood low 90f",
   "33": "date saturday weather_attribute dry high 50f location inglewood low 40f",
   "34": "date sunday weather_attribute windy high 100f location inglewood low 90f",
   "35": "date monday weather_attribute foggy high 90f location downtown_chicago low 80f",
   "36": "date tuesday weather_attribute cloudy high 60f location downtown_chicago low 50f",
   "37": "date wednesday weather_attribute warm high 90f location downtown_chicago low 70f",
   "38": "date thursday weather_attribute clear_skies high 60f location downtown_chicago low 50f",
   "39": "date friday weather_attribute snow high 50f location downtown_chicago low 30f",
   "40": "date saturday weather_attribute foggy high 30f location downtown_chicago low 20f",
   "41": "date sunday weather_attribute blizzard high 40f location downtown_chicago low 20f",
   "42": "date monday weather_attribute snow high 50f location manhattan low 40f",
   "43": "date tuesday weather_attribute rain high 60f location manhattan low 40f",
   "44": "date wednesday weather_attribute windy high 30f location manhattan low 20f",
   "45": "date thursday weather_attribute cloudy high 60f location manhattan low 50f",
   "46": "date friday weather_attribute windy high 70f location manhattan low 60f",
   "47": "date saturday weather_attribute raining high 70f location manhattan low 50f",
   "48": "date sunday weather_attribute warm high 80f location manhattan low 60f"
}