{
   "0": "date monday weather_attribute windy high 80f location seattle low 60f",
   "1": "date tuesday weather_attribute snow high 80f location seattle low 60f",
   "2": "date wednesday weather_attribute windy high 30f location seattle low 20f",
   "3": "date thursday weather_attribute cloudy high 70f location seattle low 50f",
   "4": "date friday weather_attribute foggy high 80f location seattle low 70f",
   "5": "date saturday weather_attribute overcast high 80f location seattle low 60f",
   "6": "date sunday weather_attribute clear_skies high 50f location seattle low 40f",
   "7": "date monday weather_attribute dry high 100f location durham low 80f",
   "8": "date tuesday weather_attribute foggy high 60f location durham low 40f",
   "9": "date wednesday weather_attribute humid high 100f location durham low 90f",
   "10": "date thursday weather_attribute drizzle high 50f location durham low 40f",
   "11": "date friday weather_attribute cloudy high 80f location durham low 70f",
   "12": "date saturday weather_attribute dry high 80f location durham low 70f",
   "13": "date sunday weather_attribute foggy high 30f location durham low 20f",
   "14": "date monday weather_attribute raining high 80f location mountain_view low 60f",
   "15": "date tuesday weather_attribute raining high 100f location mountain_view low 90f",
   "16": "date wednesday weather_attribute rain high 50f location mountain_view low 40f",
   "17": "date thursday weather_attribute snow high 100f location mountain_view low 90f",
   "18": "date friday weather_attribute humid high 100f location mountain_view low 90f",
   "19": "date saturday weather_attribute raining high 100f location mountain_view low 90f",
   "20": "date sunday weather_attribute overcast high 40f location mountain_view low 20f",
   "21": "date monday weather_attribute overcast high 90f location compton low 70f",
   "22": "date tuesday weather_attribute warm high 100f location compton low 80f",
   "23": "date wednesday weather_attribute cloudy high 50f location compton low 30f",
   "24": "date thursday weather_attribute drizzle high 100f location compton low 90f",
   "25": "date friday weather_attribute dry high 50f location compton low 40f",
   "26": "date saturday weather_attribute dry high 90f location compton low 80f",
   "27": "date sunday weather_attribute clear_skies high 80f location compton low 60f",
   "28": "date monday weather_attribute foggy high 90f location exeter low 70f",
   "29": "date tuesday weather_attribute drizzle high 80f location exeter low 70f",
   "30": "date wednesday weather_attribute drizzle high 60f location exeter low 40f",
   "31": "date thursday weather_attribute clear_skies high 90f location exeter low 80f",
   "32": "date friday weather_attribute overcast high 50f location exeter low 30f",
   "33": "date saturday weather_attribute overcast high 90f location exeter low 70f",
   "34": "date sunday weather_attribute clear_skies high 50f location exeter low 30f",
   "35": "date monday weather_attribute rain high 60f location boston low 40f",
   "36": "date tuesday weather_attribute raining high 100f location boston low 90f",
   "37": "date wednesday weather_attribute foggy high 60f location boston low 50f",
   "38": "date thursday weather_attribute windy high 50f location boston low 30f",
   "39": "date friday weather_attribute dry high 90f location boston low 70f",
   "40": "date saturday weather_attribute foggy high 100f location boston low 80f",
   "41": "date sunday weather_attribute overcast high 100f location boston low 90f",
   "42": "date monday weather_attribute dry high 100f location downtown_chicago low 90f",
   "43": "date tuesday weather_attribute dry high 30f location downtown_chicago low 20f",
   "44": "date wednesday weather_attribute blizzard high 30f location downtown_chicago low 20f",
   "45": "date thursday weather_attribute clear_skies high 90f location downtown_chicago low 80f",
   "46": "date friday weather_attribute windy high 40f location downtown_chicago low 20f",
   "47": "date saturday weather_attribute humid high 100f location downtown_chicago low 80f",
   "48": "date sunday weather_attribute hot high 90f location downtown_chicago low 70f"
}