{
   "0": "name cote address bridge_street_city_centre area centre food french phone 01223311053 postcode cb21uf pricerange expensive type restaurant",
   "1": "name restaurant_two_two address 22_chesterton_road_chesterton area north food french phone 01223351880 postcode cb43ax pricerange expensive type restaurant",
   "2": "name the_good_luck_chinese_food_takeaway address 82_cherry_hinton_road_cherry_hinton area south food chinese phone 01223244149 postcode cb17ag pricerange expensive type restaurant",
   "3": "name pizza_hut_city_centre address regent_street_city_centre area centre food italian phone 01223323737 postcode cb21ab pricerange cheap type restaurant",
   "4": "name curry_garden address 106_regent_street_city_centre area centre food indian phone 01223302330 postcode cb21dp pricerange expensive type restaurant",
   "5": "name pizza_hut_cherry_hinton address g4_cambridge_leisure_park_clifton_way_cherry_hinton area south food italian phone 01223323737 postcode cb17dy pricerange moderate type restaurant",
   "6": "name the_missing_sock address finders_corner_newmarket_road area east food international phone 01223812660 postcode cb259aq pricerange cheap type restaurant"
}