{
   "0": "date monday weather_attribute frost high 30f location san_francisco low 20f",
   "1": "date tuesday weather_attribute snow high 100f location san_francisco low 90f",
   "2": "date wednesday weather_attribute snow high 60f location san_francisco low 40f",
   "3": "date thursday weather_attribute foggy high 50f location san_francisco low 30f",
   "4": "date friday weather_attribute frost high 30f location san_francisco low 20f",
   "5": "date saturday weather_attribute drizzle high 50f location san_francisco low 40f",
   "6": "date sunday weather_attribute snow high 100f location san_francisco low 90f",
   "7": "date monday weather_attribute raining high 100f location exeter low 80f",
   "8": "date tuesday weather_attribute dry high 100f location exeter low 90f",
   "9": "date wednesday weather_attribute overcast high 100f location exeter low 90f",
   "10": "date thursday weather_attribute windy high 30f location exeter low 20f",
   "11": "date friday weather_attribute rain high 40f location exeter low 30f",
   "12": "date saturday weather_attribute drizzle high 30f location exeter low 20f",
   "13": "date sunday weather_attribute overcast high 90f location exeter low 80f",
   "14": "date monday weather_attribute raining high 40f location oakland low 20f",
   "15": "date tuesday weather_attribute drizzle high 100f location oakland low 80f",
   "16": "date wednesday weather_attribute drizzle high 40f location oakland low 30f",
   "17": "date thursday weather_attribute drizzle high 100f location oakland low 90f",
   "18": "date friday weather_attribute snow high 60f location oakland low 40f",
   "19": "date saturday weather_attribute dry high 60f location oakland low 50f",
   "20": "date sunday weather_attribute windy high 30f location oakland low 20f",
   "21": "date monday weather_attribute humid high 70f location mountain_view low 60f",
   "22": "date tuesday weather_attribute windy high 80f location mountain_view low 70f",
   "23": "date wednesday weather_attribute raining high 40f location mountain_view low 20f",
   "24": "date thursday weather_attribute clear_skies high 50f location mountain_view low 40f",
   "25": "date friday weather_attribute snow high 60f location mountain_view low 40f",
   "26": "date saturday weather_attribute frost high 30f location mountain_view low 20f",
   "27": "date sunday weather_attribute frost high 50f location mountain_view low 30f",
   "28": "date monday weather_attribute dry high 100f location los_angeles low 90f",
   "29": "date tuesday weather_attribute rain high 60f location los_angeles low 40f",
   "30": "date wednesday weather_attribute rain high 70f location los_angeles low 60f",
   "31": "date thursday weather_attribute snow high 40f location los_angeles low 30f",
   "32": "date friday weather_attribute drizzle high 80f location los_angeles low 70f",
   "33": "date saturday weather_attribute overcast high 40f location los_angeles low 30f",
   "34": "date sunday weather_attribute cloudy high 50f location los_angeles low 40f",
   "35": "date monday weather_attribute frost high 40f location cleveland low 30f",
   "36": "date tuesday weather_attribute frost high 40f location cleveland low 30f",
   "37": "date wednesday weather_attribute clear_skies high 60f location cleveland low 40f",
   "38": "date thursday weather_attribute hot high 100f location cleveland low 80f",
   "39": "date friday weather_attribute humid high 100f location cleveland low 90f",
   "40": "date saturday weather_attribute overcast high 50f location cleveland low 30f",
   "41": "date sunday weather_attribute snow high 100f location cleveland low 90f",
   "42": "date monday weather_attribute hot high 90f location compton low 80f",
   "43": "date tuesday weather_attribute dry high 40f location compton low 20f",
   "44": "date wednesday weather_attribute hot high 100f location compton low 90f",
   "45": "date thursday weather_attribute rain high 80f location compton low 70f",
   "46": "date friday weather_attribute frost high 50f location compton low 30f",
   "47": "date saturday weather_attribute snow high 70f location compton low 50f",
   "48": "date sunday weather_attribute cloudy high 70f location compton low 60f"
}