{
   "0": "date monday weather_attribute dry high 90f location san_jose low 80f",
   "1": "date tuesday weather_attribute hot high 70f location san_jose low 60f",
   "2": "date wednesday weather_attribute dry high 80f location san_jose low 60f",
   "3": "date thursday weather_attribute cloudy high 100f location san_jose low 90f",
   "4": "date friday weather_attribute hot high 80f location san_jose low 70f",
   "5": "date saturday weather_attribute rain high 30f location san_jose low 20f",
   "6": "date sunday weather_attribute humid high 70f location san_jose low 50f",
   "7": "date monday weather_attribute snow high 100f location compton low 90f",
   "8": "date tuesday weather_attribute dry high 30f location compton low 20f",
   "9": "date wednesday weather_attribute stormy high 60f location compton low 50f",
   "10": "date thursday weather_attribute rain high 50f location compton low 40f",
   "11": "date friday weather_attribute hot high 80f location compton low 70f",
   "12": "date saturday weather_attribute foggy high 100f location compton low 80f",
   "13": "date sunday weather_attribute clear_skies high 80f location compton low 70f",
   "14": "date monday weather_attribute clear_skies high 60f location fresno low 50f",
   "15": "date tuesday weather_attribute cloudy high 40f location fresno low 20f",
   "16": "date wednesday weather_attribute hot high 100f location fresno low 80f",
   "17": "date thursday weather_attribute overcast high 60f location fresno low 40f",
   "18": "date friday weather_attribute rain high 90f location fresno low 80f",
   "19": "date saturday weather_attribute snow high 30f location fresno low 20f",
   "20": "date sunday weather_attribute drizzle high 100f location fresno low 90f",
   "21": "date monday weather_attribute foggy high 40f location atherton low 20f",
   "22": "date tuesday weather_attribute foggy high 60f location atherton low 50f",
   "23": "date wednesday weather_attribute stormy high 90f location atherton low 70f",
   "24": "date thursday weather_attribute dry high 50f location atherton low 40f",
   "25": "date friday weather_attribute raining high 60f location atherton low 40f",
   "26": "date saturday weather_attribute stormy high 70f location atherton low 60f",
   "27": "date sunday weather_attribute windy high 60f location atherton low 50f",
   "28": "date monday weather_attribute hail high 50f location alameda low 40f",
   "29": "date tuesday weather_attribute frost high 50f location alameda low 30f",
   "30": "date wednesday weather_attribute drizzle high 70f location alameda low 60f",
   "31": "date thursday weather_attribute overcast high 40f location alameda low 20f",
   "32": "date friday weather_attribute clear_skies high 100f location alameda low 80f",
   "33": "date saturday weather_attribute frost high 60f location alameda low 40f",
   "34": "date sunday weather_attribute snow high 90f location alameda low 70f",
   "35": "date monday weather_attribute snow high 50f location cleveland low 30f",
   "36": "date tuesday weather_attribute cloudy high 70f location cleveland low 50f",
   "37": "date wednesday weather_attribute hot high 70f location cleveland low 60f",
   "38": "date thursday weather_attribute clear_skies high 80f location cleveland low 70f",
   "39": "date friday weather_attribute overcast high 50f location cleveland low 30f",
   "40": "date saturday weather_attribute raining high 70f location cleveland low 60f",
   "41": "date sunday weather_attribute rain high 90f location cleveland low 70f",
   "42": "date monday weather_attribute clear_skies high 30f location new_york low 20f",
   "43": "date tuesday weather_attribute hail high 70f location new_york low 60f",
   "44": "date wednesday weather_attribute foggy high 90f location new_york low 70f",
   "45": "date thursday weather_attribute overcast high 60f location new_york low 50f",
   "46": "date friday weather_attribute foggy high 40f location new_york low 20f",
   "47": "date saturday weather_attribute raining high 100f location new_york low 90f",
   "48": "date sunday weather_attribute dry high 100f location new_york low 80f"
}