{
   "0": "date monday weather_attribute stormy high 100f location boston low 90f",
   "1": "date tuesday weather_attribute hail high 70f location boston low 60f",
   "2": "date wednesday weather_attribute cloudy high 90f location boston low 80f",
   "3": "date thursday weather_attribute dry high 50f location boston low 40f",
   "4": "date friday weather_attribute hot high 90f location boston low 80f",
   "5": "date saturday weather_attribute rain high 50f location boston low 40f",
   "6": "date sunday weather_attribute stormy high 30f location boston low 20f",
   "7": "date monday weather_attribute rain high 90f location redwood_city low 70f",
   "8": "date tuesday weather_attribute dry high 40f location redwood_city low 20f",
   "9": "date wednesday weather_attribute clear_skies high 80f location redwood_city low 60f",
   "10": "date thursday weather_attribute overcast high 80f location redwood_city low 60f",
   "11": "date friday weather_attribute cloudy high 80f location redwood_city low 70f",
   "12": "date saturday weather_attribute windy high 100f location redwood_city low 80f",
   "13": "date sunday weather_attribute blizzard high 30f location redwood_city low 20f",
   "14": "date monday weather_attribute hail high 80f location compton low 60f",
   "15": "date tuesday weather_attribute cloudy high 80f location compton low 60f",
   "16": "date wednesday weather_attribute clear_skies high 40f location compton low 20f",
   "17": "date thursday weather_attribute drizzle high 90f location compton low 70f",
   "18": "date friday weather_attribute drizzle high 30f location compton low 20f",
   "19": "date saturday weather_attribute snow high 80f location compton low 60f",
   "20": "date sunday weather_attribute hot high 70f location compton low 50f",
   "21": "date monday weather_attribute drizzle high 70f location camarillo low 60f",
   "22": "date tuesday weather_attribute warm high 70f location camarillo low 60f",
   "23": "date wednesday weather_attribute rain high 100f location camarillo low 90f",
   "24": "date thursday weather_attribute warm high 70f location camarillo low 60f",
   "25": "date friday weather_attribute clear_skies high 80f location camarillo low 60f",
   "26": "date saturday weather_attribute cloudy high 80f location camarillo low 60f",
   "27": "date sunday weather_attribute windy high 40f location camarillo low 20f",
   "28": "date monday weather_attribute rain high 100f location fresno low 90f",
   "29": "date tuesday weather_attribute overcast high 80f location fresno low 60f",
   "30": "date wednesday weather_attribute frost high 40f location fresno low 20f",
   "31": "date thursday weather_attribute windy high 100f location fresno low 90f",
   "32": "date friday weather_attribute warm high 80f location fresno low 70f",
   "33": "date saturday weather_attribute stormy high 70f location fresno low 50f",
   "34": "date sunday weather_attribute clear_skies high 40f location fresno low 30f",
   "35": "date monday weather_attribute foggy high 100f location atherton low 90f",
   "36": "date tuesday weather_attribute hail high 100f location atherton low 90f",
   "37": "date wednesday weather_attribute humid high 90f location atherton low 70f",
   "38": "date thursday weather_attribute clear_skies high 30f location atherton low 20f",
   "39": "date friday weather_attribute hot high 80f location atherton low 70f",
   "40": "date saturday weather_attribute rain high 70f location atherton low 50f",
   "41": "date sunday weather_attribute raining high 100f location atherton low 90f",
   "42": "date monday weather_attribute cloudy high 30f location carson low 20f",
   "43": "date tuesday weather_attribute dry high 40f location carson low 20f",
   "44": "date wednesday weather_attribute stormy high 50f location carson low 40f",
   "45": "date thursday weather_attribute cloudy high 70f location carson low 60f",
   "46": "date friday weather_attribute cloudy high 40f location carson low 20f",
   "47": "date saturday weather_attribute windy high 100f location carson low 80f",
   "48": "date sunday weather_attribute dry high 80f location carson low 60f"
}