{
   "0": "date monday weather_attribute foggy high 50f location cleveland low 40f",
   "1": "date tuesday weather_attribute dry high 40f location cleveland low 20f",
   "2": "date wednesday weather_attribute rain high 30f location cleveland low 20f",
   "3": "date thursday weather_attribute clear_skies high 50f location cleveland low 40f",
   "4": "date friday weather_attribute snow high 40f location cleveland low 20f",
   "5": "date saturday weather_attribute blizzard high 60f location cleveland low 40f",
   "6": "date sunday weather_attribute rain high 60f location cleveland low 50f",
   "7": "date monday weather_attribute dry high 100f location seattle low 80f",
   "8": "date tuesday weather_attribute drizzle high 100f location seattle low 90f",
   "9": "date wednesday weather_attribute dew high 60f location seattle low 40f",
   "10": "date thursday weather_attribute misty high 90f location seattle low 80f",
   "11": "date friday weather_attribute misty high 100f location seattle low 90f",
   "12": "date saturday weather_attribute foggy high 90f location seattle low 80f",
   "13": "date sunday weather_attribute misty high 60f location seattle low 50f",
   "14": "date monday weather_attribute raining high 60f location downtown_chicago low 40f",
   "15": "date tuesday weather_attribute dry high 60f location downtown_chicago low 40f",
   "16": "date wednesday weather_attribute misty high 80f location downtown_chicago low 70f",
   "17": "date thursday weather_attribute rain high 80f location downtown_chicago low 70f",
   "18": "date friday weather_attribute overcast high 50f location downtown_chicago low 30f",
   "19": "date saturday weather_attribute rain high 70f location downtown_chicago low 60f",
   "20": "date sunday weather_attribute windy high 70f location downtown_chicago low 50f",
   "21": "date monday weather_attribute humid high 90f location brentwood low 70f",
   "22": "date tuesday weather_attribute rain high 80f location brentwood low 60f",
   "23": "date wednesday weather_attribute rain high 80f location brentwood low 70f",
   "24": "date thursday weather_attribute hail high 100f location brentwood low 90f",
   "25": "date friday weather_attribute windy high 60f location brentwood low 50f",
   "26": "date saturday weather_attribute humid high 70f location brentwood low 50f",
   "27": "date sunday weather_attribute warm high 80f location brentwood low 60f",
   "28": "date monday weather_attribute misty high 50f location mountain_view low 40f",
   "29": "date tuesday weather_attribute humid high 70f location mountain_view low 50f",
   "30": "date wednesday weather_attribute blizzard high 50f location mountain_view low 30f",
   "31": "date thursday weather_attribute rain high 80f location mountain_view low 70f",
   "32": "date friday weather_attribute foggy high 80f location mountain_view low 60f",
   "33": "date saturday weather_attribute rain high 70f location mountain_view low 60f",
   "34": "date sunday weather_attribute raining high 60f location mountain_view low 50f",
   "35": "date monday weather_attribute rain high 90f location san_francisco low 80f",
   "36": "date tuesday weather_attribute cloudy high 90f location san_francisco low 80f",
   "37": "date wednesday weather_attribute humid high 90f location san_francisco low 70f",
   "38": "date thursday weather_attribute dry high 50f location san_francisco low 40f",
   "39": "date friday weather_attribute clear_skies high 70f location san_francisco low 60f",
   "40": "date saturday weather_attribute overcast high 90f location san_francisco low 70f",
   "41": "date sunday weather_attribute snow high 60f location san_francisco low 50f",
   "42": "date monday weather_attribute overcast high 80f location alhambra low 60f",
   "43": "date tuesday weather_attribute cloudy high 100f location alhambra low 90f",
   "44": "date wednesday weather_attribute overcast high 90f location alhambra low 70f",
   "45": "date thursday weather_attribute cloudy high 50f location alhambra low 30f",
   "46": "date friday weather_attribute foggy high 90f location alhambra low 80f",
   "47": "date saturday weather_attribute snow high 80f location alhambra low 70f",
   "48": "date sunday weather_attribute clear_skies high 70f location alhambra low 60f"
}