{
   "0": "date monday weather_attribute raining high 100f location cleveland low 80f",
   "1": "date tuesday weather_attribute rain high 60f location cleveland low 40f",
   "2": "date wednesday weather_attribute foggy high 90f location cleveland low 80f",
   "3": "date thursday weather_attribute clear_skies high 90f location cleveland low 80f",
   "4": "date friday weather_attribute warm high 100f location cleveland low 90f",
   "5": "date saturday weather_attribute snow high 100f location cleveland low 90f",
   "6": "date sunday weather_attribute clear_skies high 80f location cleveland low 70f",
   "7": "date monday weather_attribute overcast high 80f location san_mateo low 60f",
   "8": "date tuesday weather_attribute snow high 100f location san_mateo low 80f",
   "9": "date wednesday weather_attribute cloudy high 100f location san_mateo low 90f",
   "10": "date thursday weather_attribute cloudy high 70f location san_mateo low 60f",
   "11": "date friday weather_attribute hot high 40f location san_mateo low 30f",
   "12": "date saturday weather_attribute rain high 100f location san_mateo low 80f",
   "13": "date sunday weather_attribute rain high 70f location san_mateo low 60f",
   "14": "date monday weather_attribute foggy high 70f location grand_rapids low 60f",
   "15": "date tuesday weather_attribute warm high 80f location grand_rapids low 70f",
   "16": "date wednesday weather_attribute hot high 100f location grand_rapids low 80f",
   "17": "date thursday weather_attribute overcast high 40f location grand_rapids low 30f",
   "18": "date friday weather_attribute clear_skies high 90f location grand_rapids low 70f",
   "19": "date saturday weather_attribute clear_skies high 100f location grand_rapids low 80f",
   "20": "date sunday weather_attribute cloudy high 90f location grand_rapids low 70f",
   "21": "date monday weather_attribute overcast high 100f location boston low 90f",
   "22": "date tuesday weather_attribute snow high 70f location boston low 60f",
   "23": "date wednesday weather_attribute windy high 40f location boston low 30f",
   "24": "date thursday weather_attribute windy high 80f location boston low 70f",
   "25": "date friday weather_attribute warm high 80f location boston low 70f",
   "26": "date saturday weather_attribute cloudy high 60f location boston low 40f",
   "27": "date sunday weather_attribute clear_skies high 60f location boston low 40f",
   "28": "date monday weather_attribute hot high 100f location fresno low 90f",
   "29": "date tuesday weather_attribute windy high 100f location fresno low 90f",
   "30": "date wednesday weather_attribute clear_skies high 90f location fresno low 80f",
   "31": "date thursday weather_attribute hot high 70f location fresno low 60f",
   "32": "date friday weather_attribute foggy high 90f location fresno low 80f",
   "33": "date saturday weather_attribute foggy high 90f location fresno low 70f",
   "34": "date sunday weather_attribute hot high 40f location fresno low 30f",
   "35": "date monday weather_attribute snow high 100f location new_york low 90f",
   "36": "date tuesday weather_attribute clear_skies high 100f location new_york low 90f",
   "37": "date wednesday weather_attribute raining high 60f location new_york low 40f",
   "38": "date thursday weather_attribute raining high 40f location new_york low 30f",
   "39": "date friday weather_attribute raining high 70f location new_york low 60f",
   "40": "date saturday weather_attribute rain high 80f location new_york low 70f",
   "41": "date sunday weather_attribute foggy high 40f location new_york low 30f",
   "42": "date monday weather_attribute snow high 90f location redwood_city low 80f",
   "43": "date tuesday weather_attribute clear_skies high 100f location redwood_city low 90f",
   "44": "date wednesday weather_attribute rain high 80f location redwood_city low 70f",
   "45": "date thursday weather_attribute raining high 60f location redwood_city low 40f",
   "46": "date friday weather_attribute raining high 40f location redwood_city low 30f",
   "47": "date saturday weather_attribute clear_skies high 80f location redwood_city low 70f",
   "48": "date sunday weather_attribute windy high 80f location redwood_city low 60f"
}