{
   "0": "name fitzbillies_restaurant address 51_trumpington_street_city_centre area centre food british phone 01223352500 postcode cb21rg pricerange expensive type restaurant choice a_few ref anamhnow",
   "1": "name the_oak_bistro address 6_lensfield_road area centre food british phone 01223323361 postcode cb21eg pricerange moderate type restaurant choice a_few ref anamhnow",
   "2": "name the_oak_bistro address 6_lensfield_road area centre food british phone 01223323361 postcode cb21eg pricerange moderate type restaurant",
   "3": "name saint_johns_chop_house address 21_-_24_northampton_street area west food british phone 01223353110 postcode cb30ad pricerange moderate type restaurant choice a_few ref anamhnow",
   "4": "name cotto address 183_east_road_city_centre area centre food british phone 01223302010 postcode cb11bg pricerange moderate type restaurant choice a_few ref anamhnow",
   "5": "name the_copper_kettle address 4_kings_parade_city_centre area centre food british phone 01223365068 postcode cb21sj pricerange moderate type restaurant choice a_few ref anamhnow",
   "6": "name restaurant_one_seven address de_vere_university_arms_regent_street_city_centre area centre food british phone 01223337766 postcode cb21ab pricerange moderate type restaurant choice a_few ref anamhnow"
}