{
   "0": "name rice_house address 88_mill_road_city_centre area centre food chinese phone 01223367755 postcode cb12bd pricerange cheap type restaurant",
   "1": "name peking_restaurant address 10_homerton_street_city_centre area south food chinese phone 01223354755 postcode cb28nx pricerange expensive type restaurant",
   "2": "name charlie_chan address regent_street_city_centre area centre food chinese phone 01223361763 postcode cb21db pricerange cheap type restaurant",
   "3": "name the_good_luck_chinese_food_takeaway address 82_cherry_hinton_road_cherry_hinton area south food chinese phone 01223244149 postcode cb17ag pricerange expensive type restaurant",
   "4": "name the_lucky_star address cambridge_leisure_park_clifton_way_cherry_hinton area south food chinese phone 01223244277 postcode cb17dy pricerange cheap type restaurant",
   "5": "name jinling_noodle_bar address 11_peas_hill_city_centre area centre food chinese phone 01223566188 postcode cb23pp pricerange moderate type restaurant",
   "6": "name yu_garden address 529_newmarket_road_fen_ditton area east food chinese phone 01223248882 postcode cb58pa pricerange expensive type restaurant"
}