{
   "0": "date monday weather_attribute foggy high 30f location cleveland low 20f",
   "1": "date tuesday weather_attribute raining high 60f location cleveland low 40f",
   "2": "date wednesday weather_attribute hail high 80f location cleveland low 70f",
   "3": "date thursday weather_attribute frost high 50f location cleveland low 40f",
   "4": "date friday weather_attribute overcast high 90f location cleveland low 70f",
   "5": "date saturday weather_attribute misty high 60f location cleveland low 50f",
   "6": "date sunday weather_attribute foggy high 40f location cleveland low 30f",
   "7": "date monday weather_attribute foggy high 80f location inglewood low 70f",
   "8": "date tuesday weather_attribute overcast high 80f location inglewood low 60f",
   "9": "date wednesday weather_attribute hail high 50f location inglewood low 40f",
   "10": "date thursday weather_attribute snow high 40f location inglewood low 30f",
   "11": "date friday weather_attribute cloudy high 70f location inglewood low 50f",
   "12": "date saturday weather_attribute clear_skies high 50f location inglewood low 40f",
   "13": "date sunday weather_attribute cloudy high 90f location inglewood low 70f",
   "14": "date monday weather_attribute misty high 90f location fresno low 80f",
   "15": "date tuesday weather_attribute cloudy high 80f location fresno low 70f",
   "16": "date wednesday weather_attribute cloudy high 50f location fresno low 30f",
   "17": "date thursday weather_attribute hot high 100f location fresno low 80f",
   "18": "date friday weather_attribute warm high 90f location fresno low 80f",
   "19": "date saturday weather_attribute hail high 40f location fresno low 20f",
   "20": "date sunday weather_attribute misty high 70f location fresno low 60f",
   "21": "date monday weather_attribute hot high 80f location exeter low 60f",
   "22": "date tuesday weather_attribute cloudy high 70f location exeter low 60f",
   "23": "date wednesday weather_attribute clear_skies high 40f location exeter low 20f",
   "24": "date thursday weather_attribute snow high 50f location exeter low 40f",
   "25": "date friday weather_attribute humid high 70f location exeter low 50f",
   "26": "date saturday weather_attribute dry high 90f location exeter low 70f",
   "27": "date sunday weather_attribute warm high 90f location exeter low 80f",
   "28": "date monday weather_attribute stormy high 70f location boston low 50f",
   "29": "date tuesday weather_attribute humid high 100f location boston low 90f",
   "30": "date wednesday weather_attribute stormy high 90f location boston low 80f",
   "31": "date thursday weather_attribute dry high 80f location boston low 70f",
   "32": "date friday weather_attribute foggy high 100f location boston low 90f",
   "33": "date saturday weather_attribute frost high 40f location boston low 30f",
   "34": "date sunday weather_attribute dry high 60f location boston low 40f",
   "35": "date monday weather_attribute rain high 90f location los_angeles low 80f",
   "36": "date tuesday weather_attribute overcast high 60f location los_angeles low 50f",
   "37": "date wednesday weather_attribute dry high 100f location los_angeles low 80f",
   "38": "date thursday weather_attribute snow high 100f location los_angeles low 90f",
   "39": "date friday weather_attribute cloudy high 40f location los_angeles low 30f",
   "40": "date saturday weather_attribute humid high 90f location los_angeles low 70f",
   "41": "date sunday weather_attribute misty high 50f location los_angeles low 40f",
   "42": "date monday weather_attribute hail high 100f location downtown_chicago low 90f",
   "43": "date tuesday weather_attribute frost high 50f location downtown_chicago low 30f",
   "44": "date wednesday weather_attribute dry high 70f location downtown_chicago low 50f",
   "45": "date thursday weather_attribute raining high 100f location downtown_chicago low 90f",
   "46": "date friday weather_attribute clear_skies high 60f location downtown_chicago low 40f",
   "47": "date saturday weather_attribute clear_skies high 80f location downtown_chicago low 60f",
   "48": "date sunday weather_attribute dry high 50f location downtown_chicago low 40f"
}