{
   "0": "date monday weather_attribute clear_skies high 70f location corona low 50f",
   "1": "date tuesday weather_attribute overcast high 100f location corona low 90f",
   "2": "date wednesday weather_attribute snow high 90f location corona low 70f",
   "3": "date thursday weather_attribute stormy high 80f location corona low 60f",
   "4": "date friday weather_attribute drizzle high 100f location corona low 80f",
   "5": "date saturday weather_attribute cloudy high 60f location corona low 40f",
   "6": "date sunday weather_attribute dry high 40f location corona low 30f",
   "7": "date monday weather_attribute drizzle high 50f location fresno low 30f",
   "8": "date tuesday weather_attribute frost high 60f location fresno low 50f",
   "9": "date wednesday weather_attribute overcast high 50f location fresno low 40f",
   "10": "date thursday weather_attribute dry high 100f location fresno low 90f",
   "11": "date friday weather_attribute raining high 60f location fresno low 50f",
   "12": "date saturday weather_attribute clear_skies high 80f location fresno low 60f",
   "13": "date sunday weather_attribute overcast high 50f location fresno low 30f",
   "14": "date monday weather_attribute frost high 30f location inglewood low 20f",
   "15": "date tuesday weather_attribute frost high 40f location inglewood low 20f",
   "16": "date wednesday weather_attribute hot high 70f location inglewood low 60f",
   "17": "date thursday weather_attribute overcast high 70f location inglewood low 60f",
   "18": "date friday weather_attribute rain high 100f location inglewood low 80f",
   "19": "date saturday weather_attribute hail high 100f location inglewood low 90f",
   "20": "date sunday weather_attribute raining high 70f location inglewood low 50f",
   "21": "date monday weather_attribute dry high 100f location alhambra low 80f",
   "22": "date tuesday weather_attribute blizzard high 60f location alhambra low 40f",
   "23": "date wednesday weather_attribute windy high 40f location alhambra low 30f",
   "24": "date thursday weather_attribute windy high 100f location alhambra low 90f",
   "25": "date friday weather_attribute clear_skies high 30f location alhambra low 20f",
   "26": "date saturday weather_attribute foggy high 100f location alhambra low 90f",
   "27": "date sunday weather_attribute overcast high 40f location alhambra low 20f",
   "28": "date monday weather_attribute windy high 60f location menlo_park low 50f",
   "29": "date tuesday weather_attribute raining high 90f location menlo_park low 80f",
   "30": "date wednesday weather_attribute hail high 90f location menlo_park low 70f",
   "31": "date thursday weather_attribute hot high 80f location menlo_park low 60f",
   "32": "date friday weather_attribute hail high 50f location menlo_park low 40f",
   "33": "date saturday weather_attribute frost high 60f location menlo_park low 40f",
   "34": "date sunday weather_attribute overcast high 90f location menlo_park low 70f",
   "35": "date monday weather_attribute humid high 100f location downtown_chicago low 80f",
   "36": "date tuesday weather_attribute frost high 60f location downtown_chicago low 40f",
   "37": "date wednesday weather_attribute overcast high 100f location downtown_chicago low 80f",
   "38": "date thursday weather_attribute foggy high 50f location downtown_chicago low 40f",
   "39": "date friday weather_attribute humid high 100f location downtown_chicago low 90f",
   "40": "date saturday weather_attribute blizzard high 40f location downtown_chicago low 30f",
   "41": "date sunday weather_attribute blizzard high 30f location downtown_chicago low 20f",
   "42": "date monday weather_attribute windy high 60f location oakland low 40f",
   "43": "date tuesday weather_attribute cloudy high 80f location oakland low 70f",
   "44": "date wednesday weather_attribute dry high 100f location oakland low 80f",
   "45": "date thursday weather_attribute cloudy high 90f location oakland low 70f",
   "46": "date friday weather_attribute stormy high 70f location oakland low 50f",
   "47": "date saturday weather_attribute raining high 30f location oakland low 20f",
   "48": "date sunday weather_attribute snow high 70f location oakland low 60f"
}