{
   "0": "date monday weather_attribute snow high 50f location manhattan low 40f",
   "1": "date tuesday weather_attribute frost high 40f location manhattan low 20f",
   "2": "date wednesday weather_attribute clear_skies high 70f location manhattan low 60f",
   "3": "date thursday weather_attribute drizzle high 100f location manhattan low 90f",
   "4": "date friday weather_attribute rain high 50f location manhattan low 40f",
   "5": "date saturday weather_attribute rain high 80f location manhattan low 70f",
   "6": "date sunday weather_attribute clear_skies high 100f location manhattan low 90f",
   "7": "date monday weather_attribute hot high 90f location grand_rapids low 70f",
   "8": "date tuesday weather_attribute clear_skies high 90f location grand_rapids low 80f",
   "9": "date wednesday weather_attribute overcast high 100f location grand_rapids low 80f",
   "10": "date thursday weather_attribute clear_skies high 60f location grand_rapids low 50f",
   "11": "date friday weather_attribute windy high 60f location grand_rapids low 50f",
   "12": "date saturday weather_attribute overcast high 80f location grand_rapids low 70f",
   "13": "date sunday weather_attribute clear_skies high 70f location grand_rapids low 50f",
   "14": "date monday weather_attribute windy high 60f location compton low 40f",
   "15": "date tuesday weather_attribute overcast high 80f location compton low 60f",
   "16": "date wednesday weather_attribute cloudy high 80f location compton low 60f",
   "17": "date thursday weather_attribute raining high 70f location compton low 60f",
   "18": "date friday weather_attribute snow high 60f location compton low 40f",
   "19": "date saturday weather_attribute overcast high 90f location compton low 70f",
   "20": "date sunday weather_attribute cloudy high 50f location compton low 40f",
   "21": "date monday weather_attribute rain high 90f location san_jose low 70f",
   "22": "date tuesday weather_attribute raining high 30f location san_jose low 20f",
   "23": "date wednesday weather_attribute windy high 70f location san_jose low 60f",
   "24": "date thursday weather_attribute foggy high 60f location san_jose low 40f",
   "25": "date friday weather_attribute snow high 50f location san_jose low 40f",
   "26": "date saturday weather_attribute overcast high 100f location san_jose low 90f",
   "27": "date sunday weather_attribute blizzard high 50f location san_jose low 30f",
   "28": "date monday weather_attribute rain high 60f location oakland low 40f",
   "29": "date tuesday weather_attribute cloudy high 90f location oakland low 80f",
   "30": "date wednesday weather_attribute drizzle high 40f location oakland low 30f",
   "31": "date thursday weather_attribute overcast high 80f location oakland low 70f",
   "32": "date friday weather_attribute blizzard high 40f location oakland low 20f",
   "33": "date saturday weather_attribute overcast high 70f location oakland low 50f",
   "34": "date sunday weather_attribute frost high 60f location oakland low 40f",
   "35": "date monday weather_attribute raining high 60f location mountain_view low 50f",
   "36": "date tuesday weather_attribute dry high 90f location mountain_view low 70f",
   "37": "date wednesday weather_attribute clear_skies high 80f location mountain_view low 60f",
   "38": "date thursday weather_attribute snow high 90f location mountain_view low 80f",
   "39": "date friday weather_attribute rain high 90f location mountain_view low 80f",
   "40": "date saturday weather_attribute rain high 100f location mountain_view low 80f",
   "41": "date sunday weather_attribute clear_skies high 60f location mountain_view low 50f",
   "42": "date monday weather_attribute foggy high 100f location cleveland low 90f",
   "43": "date tuesday weather_attribute raining high 30f location cleveland low 20f",
   "44": "date wednesday weather_attribute overcast high 90f location cleveland low 70f",
   "45": "date thursday weather_attribute raining high 90f location cleveland low 80f",
   "46": "date friday weather_attribute windy high 80f location cleveland low 60f",
   "47": "date saturday weather_attribute dry high 70f location cleveland low 50f",
   "48": "date sunday weather_attribute drizzle high 100f location cleveland low 80f"
}