{
   "0": "date monday weather_attribute clear_skies high 40f location danville low 20f",
   "1": "date tuesday weather_attribute raining high 90f location danville low 80f",
   "2": "date wednesday weather_attribute warm high 70f location danville low 50f",
   "3": "date thursday weather_attribute windy high 50f location danville low 40f",
   "4": "date friday weather_attribute windy high 50f location danville low 30f",
   "5": "date saturday weather_attribute raining high 50f location danville low 40f",
   "6": "date sunday weather_attribute foggy high 80f location danville low 60f",
   "7": "date monday weather_attribute rain high 100f location san_jose low 80f",
   "8": "date tuesday weather_attribute rain high 100f location san_jose low 80f",
   "9": "date wednesday weather_attribute drizzle high 40f location san_jose low 30f",
   "10": "date thursday weather_attribute rain high 70f location san_jose low 60f",
   "11": "date friday weather_attribute hot high 70f location san_jose low 50f",
   "12": "date saturday weather_attribute stormy high 50f location san_jose low 30f",
   "13": "date sunday weather_attribute cloudy high 40f location san_jose low 30f",
   "14": "date monday weather_attribute dry high 90f location carson low 70f",
   "15": "date tuesday weather_attribute clear_skies high 40f location carson low 20f",
   "16": "date wednesday weather_attribute cloudy high 90f location carson low 80f",
   "17": "date thursday weather_attribute warm high 100f location carson low 90f",
   "18": "date friday weather_attribute warm high 100f location carson low 80f",
   "19": "date saturday weather_attribute raining high 70f location carson low 50f",
   "20": "date sunday weather_attribute hot high 100f location carson low 90f",
   "21": "date monday weather_attribute raining high 30f location mountain_view low 20f",
   "22": "date tuesday weather_attribute clear_skies high 80f location mountain_view low 70f",
   "23": "date wednesday weather_attribute dry high 50f location mountain_view low 40f",
   "24": "date thursday weather_attribute foggy high 80f location mountain_view low 70f",
   "25": "date friday weather_attribute dry high 40f location mountain_view low 20f",
   "26": "date saturday weather_attribute raining high 30f location mountain_view low 20f",
   "27": "date sunday weather_attribute cloudy high 40f location mountain_view low 20f",
   "28": "date monday weather_attribute clear_skies high 40f location cleveland low 30f",
   "29": "date tuesday weather_attribute clear_skies high 40f location cleveland low 20f",
   "30": "date wednesday weather_attribute frost high 30f location cleveland low 20f",
   "31": "date thursday weather_attribute foggy high 60f location cleveland low 50f",
   "32": "date friday weather_attribute hot high 70f location cleveland low 60f",
   "33": "date saturday weather_attribute windy high 80f location cleveland low 60f",
   "34": "date sunday weather_attribute drizzle high 40f location cleveland low 30f",
   "35": "date monday weather_attribute raining high 50f location fresno low 40f",
   "36": "date tuesday weather_attribute warm high 70f location fresno low 60f",
   "37": "date wednesday weather_attribute snow high 30f location fresno low 20f",
   "38": "date thursday weather_attribute stormy high 50f location fresno low 40f",
   "39": "date friday weather_attribute hot high 70f location fresno low 60f",
   "40": "date saturday weather_attribute frost high 50f location fresno low 30f",
   "41": "date sunday weather_attribute stormy high 80f location fresno low 60f",
   "42": "date monday weather_attribute clear_skies high 70f location alameda low 60f",
   "43": "date tuesday weather_attribute overcast high 70f location alameda low 50f",
   "44": "date wednesday weather_attribute windy high 100f location alameda low 80f",
   "45": "date thursday weather_attribute dry high 90f location alameda low 80f",
   "46": "date friday weather_attribute drizzle high 100f location alameda low 90f",
   "47": "date saturday weather_attribute overcast high 80f location alameda low 70f",
   "48": "date sunday weather_attribute warm high 90f location alameda low 80f"
}