{
   "0": "date monday weather_attribute cloudy high 80f location san_francisco low 70f",
   "1": "date tuesday weather_attribute dry high 80f location san_francisco low 70f",
   "2": "date wednesday weather_attribute snow high 90f location san_francisco low 70f",
   "3": "date thursday weather_attribute rain high 70f location san_francisco low 50f",
   "4": "date friday weather_attribute frost high 40f location san_francisco low 30f",
   "5": "date saturday weather_attribute stormy high 30f location san_francisco low 20f",
   "6": "date sunday weather_attribute drizzle high 100f location san_francisco low 90f",
   "7": "date monday weather_attribute cloudy high 80f location fresno low 60f",
   "8": "date tuesday weather_attribute hail high 40f location fresno low 30f",
   "9": "date wednesday weather_attribute foggy high 30f location fresno low 20f",
   "10": "date thursday weather_attribute misty high 90f location fresno low 70f",
   "11": "date friday weather_attribute foggy high 40f location fresno low 30f",
   "12": "date saturday weather_attribute rain high 60f location fresno low 40f",
   "13": "date sunday weather_attribute drizzle high 100f location fresno low 80f",
   "14": "date monday weather_attribute clear_skies high 60f location camarillo low 40f",
   "15": "date tuesday weather_attribute drizzle high 90f location camarillo low 70f",
   "16": "date wednesday weather_attribute misty high 60f location camarillo low 50f",
   "17": "date thursday weather_attribute dry high 30f location camarillo low 20f",
   "18": "date friday weather_attribute dry high 90f location camarillo low 80f",
   "19": "date saturday weather_attribute raining high 80f location camarillo low 60f",
   "20": "date sunday weather_attribute clear_skies high 60f location camarillo low 50f",
   "21": "date monday weather_attribute cloudy high 90f location exeter low 70f",
   "22": "date tuesday weather_attribute stormy high 90f location exeter low 70f",
   "23": "date wednesday weather_attribute clear_skies high 100f location exeter low 90f",
   "24": "date thursday weather_attribute dew high 40f location exeter low 30f",
   "25": "date friday weather_attribute windy high 70f location exeter low 50f",
   "26": "date saturday weather_attribute dew high 60f location exeter low 40f",
   "27": "date sunday weather_attribute cloudy high 80f location exeter low 60f",
   "28": "date monday weather_attribute hail high 70f location danville low 60f",
   "29": "date tuesday weather_attribute clear_skies high 100f location danville low 80f",
   "30": "date wednesday weather_attribute blizzard high 30f location danville low 20f",
   "31": "date thursday weather_attribute overcast high 80f location danville low 70f",
   "32": "date friday weather_attribute snow high 100f location danville low 90f",
   "33": "date saturday weather_attribute clear_skies high 40f location danville low 20f",
   "34": "date sunday weather_attribute windy high 40f location danville low 30f",
   "35": "date monday weather_attribute foggy high 80f location menlo_park low 60f",
   "36": "date tuesday weather_attribute overcast high 50f location menlo_park low 40f",
   "37": "date wednesday weather_attribute overcast high 70f location menlo_park low 60f",
   "38": "date thursday weather_attribute raining high 60f location menlo_park low 40f",
   "39": "date friday weather_attribute humid high 100f location menlo_park low 80f",
   "40": "date saturday weather_attribute dew high 90f location menlo_park low 80f",
   "41": "date sunday weather_attribute dry high 30f location menlo_park low 20f",
   "42": "date monday weather_attribute drizzle high 70f location atherton low 50f",
   "43": "date tuesday weather_attribute hail high 70f location atherton low 50f",
   "44": "date wednesday weather_attribute drizzle high 90f location atherton low 80f",
   "45": "date thursday weather_attribute rain high 30f location atherton low 20f",
   "46": "date friday weather_attribute frost high 50f location atherton low 30f",
   "47": "date saturday weather_attribute windy high 80f location atherton low 60f",
   "48": "date sunday weather_attribute stormy high 50f location atherton low 30f"
}