{
   "0": "date monday weather_attribute hot high 90f location seattle low 70f",
   "1": "date tuesday weather_attribute drizzle high 70f location seattle low 50f",
   "2": "date wednesday weather_attribute overcast high 30f location seattle low 20f",
   "3": "date thursday weather_attribute windy high 50f location seattle low 40f",
   "4": "date friday weather_attribute overcast high 30f location seattle low 20f",
   "5": "date saturday weather_attribute drizzle high 90f location seattle low 70f",
   "6": "date sunday weather_attribute windy high 100f location seattle low 80f",
   "7": "date monday weather_attribute windy high 60f location grand_rapids low 40f",
   "8": "date tuesday weather_attribute rain high 50f location grand_rapids low 30f",
   "9": "date wednesday weather_attribute hail high 90f location grand_rapids low 70f",
   "10": "date thursday weather_attribute stormy high 80f location grand_rapids low 60f",
   "11": "date friday weather_attribute hail high 50f location grand_rapids low 30f",
   "12": "date saturday weather_attribute snow high 50f location grand_rapids low 30f",
   "13": "date sunday weather_attribute clear_skies high 100f location grand_rapids low 90f",
   "14": "date monday weather_attribute frost high 40f location atherton low 20f",
   "15": "date tuesday weather_attribute dry high 30f location atherton low 20f",
   "16": "date wednesday weather_attribute overcast high 60f location atherton low 50f",
   "17": "date thursday weather_attribute snow high 60f location atherton low 40f",
   "18": "date friday weather_attribute drizzle high 50f location atherton low 30f",
   "19": "date saturday weather_attribute hot high 90f location atherton low 80f",
   "20": "date sunday weather_attribute stormy high 100f location atherton low 90f",
   "21": "date monday weather_attribute frost high 50f location corona low 30f",
   "22": "date tuesday weather_attribute overcast high 100f location corona low 80f",
   "23": "date wednesday weather_attribute hot high 80f location corona low 60f",
   "24": "date thursday weather_attribute cloudy high 90f location corona low 70f",
   "25": "date friday weather_attribute cloudy high 50f location corona low 30f",
   "26": "date saturday weather_attribute dry high 60f location corona low 50f",
   "27": "date sunday weather_attribute drizzle high 40f location corona low 30f",
   "28": "date monday weather_attribute drizzle high 60f location brentwood low 50f",
   "29": "date tuesday weather_attribute overcast high 90f location brentwood low 70f",
   "30": "date wednesday weather_attribute warm high 100f location brentwood low 80f",
   "31": "date thursday weather_attribute raining high 100f location brentwood low 90f",
   "32": "date friday weather_attribute overcast high 50f location brentwood low 40f",
   "33": "date saturday weather_attribute drizzle high 60f location brentwood low 40f",
   "34": "date sunday weather_attribute stormy high 70f location brentwood low 50f",
   "35": "date monday weather_attribute snow high 80f location exeter low 60f",
   "36": "date tuesday weather_attribute raining high 50f location exeter low 30f",
   "37": "date wednesday weather_attribute dry high 40f location exeter low 30f",
   "38": "date thursday weather_attribute blizzard high 30f location exeter low 20f",
   "39": "date friday weather_attribute clear_skies high 60f location exeter low 50f",
   "40": "date saturday weather_attribute rain high 70f location exeter low 60f",
   "41": "date sunday weather_attribute cloudy high 100f location exeter low 90f",
   "42": "date monday weather_attribute drizzle high 50f location los_angeles low 40f",
   "43": "date tuesday weather_attribute warm high 90f location los_angeles low 70f",
   "44": "date wednesday weather_attribute windy high 100f location los_angeles low 90f",
   "45": "date thursday weather_attribute rain high 50f location los_angeles low 40f",
   "46": "date friday weather_attribute frost high 60f location los_angeles low 40f",
   "47": "date saturday weather_attribute foggy high 50f location los_angeles low 30f",
   "48": "date sunday weather_attribute rain high 40f location los_angeles low 20f"
}